X,Y,PrimaryCarePtOBJECTID,PrimaryCarePtNAME,PrimaryCarePtADDRESS,PrimaryCarePtCITY,PrimaryCarePtSTATE,PrimaryCarePtZIP,PrimaryCarePtWARD,PrimaryCarePtPHONE,PrimaryCarePtFAX,PrimaryCarePtCT_HPSA,PrimaryCarePtMEDICALDIR,PrimaryCarePtCHARGENURS,PrimaryCarePtADMINISTRA,PrimaryCarePtWEB_URL,PrimaryCarePtMAR_CENSUS,PrimaryCarePtSEE_PATIENTS_WHO_CANT_PAY,PrimaryCarePtPOPULATION_SERVED,PrimaryCarePtWALKIN_UNSCHEDULED,PrimaryCarePtINSURANCE_ACCEPTED,PrimaryCarePtADDRID,PrimaryCarePtXCOORD,PrimaryCarePtYCOORD,PrimaryCarePtLAST_MODIFIED_DATE,PrimaryCarePtLAST_MODIFIED_USER,PrimaryCarePtLAST_MODIFIED_ACTION,PrimaryCarePtGIS_ID,PrimaryCarePtZIP_1,DCGISPRIMARY_CARE_INFOOBJECTID_1,DCGISPRIMARY_CARE_INFOADDRID,DCGISPRIMARY_CARE_INFOOPEN_TO_PUBLIC,DCGISPRIMARY_CARE_INFOLIMITED_ACCESS,DCGISPRIMARY_CARE_INFOTREATMENT_FOR_ALL,DCGISPRIMARY_CARE_INFOPUBLIC_INSURANCE,DCGISPRIMARY_CARE_INFOMEDICAID,DCGISPRIMARY_CARE_INFOMEDICARE,DCGISPRIMARY_CARE_INFOPRIVATE_EMPLOYER_INSURANCE,DCGISPRIMARY_CARE_INFOPRIVATE_INSURANCE,DCGISPRIMARY_CARE_INFOSLIDING_SCALE,DCGISPRIMARY_CARE_INFOFACILITY_SETTING,DCGISPRIMARY_CARE_INFOFACILITY_TYPE,DCGISPRIMARY_CARE_INFOPRACTICE_TYPE,DCGISPRIMARY_CARE_INFOYESNO_,DCGISPRIMARY_CARE_INFOHR_CONTACT,DCGISPRIMARY_CARE_INFOHR_PHONE,DCGISPRIMARY_CARE_INFOHR_EMAIL,DCGISPRIMARY_CARE_INFOPUBLIC_SERVICES,DCGISPRIMARY_CARE_INFOPOP_SERVED,DCGISPRIMARY_CARE_INFOCHILD_SPECIAL_NEEDS,DCGISPRIMARY_CARE_INFOELDERLY,DCGISPRIMARY_CARE_INFOHIV,DCGISPRIMARY_CARE_INFOHOMELESS,DCGISPRIMARY_CARE_INFOLBGT,DCGISPRIMARY_CARE_INFOINTEL_DISABLED,DCGISPRIMARY_CARE_INFOLANGUAGE_LIMITED,DCGISPRIMARY_CARE_INFOOTHER_SPECIAL_POP,DCGISPRIMARY_CARE_INFOPHYSICALLY_DISABLED,DCGISPRIMARY_CARE_INFOMENTAL_ILLNESS,DCGISPRIMARY_CARE_INFOABILITY_TO_PAY,DCGISPRIMARY_CARE_INFOINSURANCE_ALLIANCE,DCGISPRIMARY_CARE_INFOPRIVATE_PLANS,DCGISPRIMARY_CARE_INFOEXCLUDED_PLANS,DCGISPRIMARY_CARE_INFOPRACTICE_SETTING,DCGISPRIMARY_CARE_INFOHOSPITAL_AFFILIATION,DCGISPRIMARY_CARE_INFOCARDIOLOGY,DCGISPRIMARY_CARE_INFODERMATOLOGY,DCGISPRIMARY_CARE_INFOENDOCRINOLOGY,DCGISPRIMARY_CARE_INFOGASTROENTEROLOGY,DCGISPRIMARY_CARE_INFOGENERAL_SURGERY,DCGISPRIMARY_CARE_INFOHIV_AIDS,DCGISPRIMARY_CARE_INFOINFECTIOUS_DISEASE,DCGISPRIMARY_CARE_INFONEPHROLOGY,DCGISPRIMARY_CARE_INFONEUROLOGY,DCGISPRIMARY_CARE_INFOOBSTETRICS,DCGISPRIMARY_CARE_INFOONCOLOGY,DCGISPRIMARY_CARE_INFOOPTHALMOLOGY,DCGISPRIMARY_CARE_INFOORAL_SURGERY,DCGISPRIMARY_CARE_INFOOTHER_SPECIALTY,DCGISPRIMARY_CARE_INFOORTHOPEDIC,DCGISPRIMARY_CARE_INFOGASTRO_ENT,DCGISPRIMARY_CARE_INFOPEDIATRICS,DCGISPRIMARY_CARE_INFOPODIATRY,DCGISPRIMARY_CARE_INFOPRIMARY_CARE,DCGISPRIMARY_CARE_INFOPSYCHIATRY,DCGISPRIMARY_CARE_INFOPULMONARY_MEDICINE,DCGISPRIMARY_CARE_INFOREPRODUCTIVE_HEALTH,DCGISPRIMARY_CARE_INFORHEUMATOLOGY,DCGISPRIMARY_CARE_INFOSTI_TEST_TREAT,DCGISPRIMARY_CARE_INFOUROLOGY,DCGISPRIMARY_CARE_INFODENTISTRY,DCGISPRIMARY_CARE_INFOHEALTH_NUTR_ED,DCGISPRIMARY_CARE_INFOMENTAL_HEALTH,DCGISPRIMARY_CARE_INFOPHARMACY,DCGISPRIMARY_CARE_INFOOTHER_SERVICES,DCGISPRIMARY_CARE_INFOWIC,DCGISPRIMARY_CARE_INFOSOCIAL_SERVICES,DCGISPRIMARY_CARE_INFOCHILDCARE,DCGISPRIMARY_CARE_INFOINSURANCE_SCREEN,DCGISPRIMARY_CARE_INFOINSURANCE_OTHER,DCGISPRIMARY_CARE_INFOACCEPT_NEW_PT,DCGISPRIMARY_CARE_INFOSCHEDULE_APPT_PHONE,DCGISPRIMARY_CARE_INFOSCHEDULE_APPT_EMAIL,DCGISPRIMARY_CARE_INFOSCHEDULE_APPT_WEB,DCGISPRIMARY_CARE_INFOOPEN_ACCESS_SCHEDULE,DCGISPRIMARY_CARE_INFOOPEN_ACCESS_TIME,DCGISPRIMARY_CARE_INFOHOURS_MONDAY,DCGISPRIMARY_CARE_INFOHOURS_TUESDAY,DCGISPRIMARY_CARE_INFOHOURS_WEDNESDAY,DCGISPRIMARY_CARE_INFOHOURS_THURSDAY,DCGISPRIMARY_CARE_INFOHOURS_FRIDAY,DCGISPRIMARY_CARE_INFOHOURS_SATURDAY,DCGISPRIMARY_CARE_INFOHOURS_SUNDAY,DCGISPRIMARY_CARE_INFOENGLISH,DCGISPRIMARY_CARE_INFOSPANISH,DCGISPRIMARY_CARE_INFOVIETNAMESE,DCGISPRIMARY_CARE_INFOKOREAN,DCGISPRIMARY_CARE_INFOAMHARIC,DCGISPRIMARY_CARE_INFOCHINESE_TRADITIONAL,DCGISPRIMARY_CARE_INFOFRENCH,DCGISPRIMARY_CARE_INFOASL,DCGISPRIMARY_CARE_INFOOTHER_LANGUAGE,DCGISPRIMARY_CARE_INFOFACILITY_AFFILIATION,DCGISPRIMARY_CARE_INFOGIS_ID,DCGISPRIMARY_CARE_INFOEVENING_HOURS,DCGISPRIMARY_CARE_INFOMEDICAL_SERVICES_AVAILABLE,DCGISPRIMARY_CARE_INFOQUADRANT,DCGISPRIMARY_CARE_INFOANC,DCGISPRIMARY_CARE_INFOWEEKEND_HOURS,DCGISPRIMARY_CARE_INFOOBJECTID
-77.0806388803456,38.9513734056722,1,Unity - Friendship Place Health Center,4713 WISCONSIN AVENUE NW,WASHINGTON,DC,20016,3,202-508-0500, , , , , ,http://www.unityhealthcare.org/HealthCenters/ServiceFriendship.html,001100, , ,Yes, ,274422,393010.31,142610.41,1970/01/01 00:00:00+00,,,PC_39,20016,2,274422,Yes, ,Yes,Yes,Yes,Yes,Please call,Please call,Yes,Community Health Center-FQHC,Private Non-Profit, ,,Provider Specialist or Human Resources,202-715-7900,Aalleyne@Unityhealthcare.org,Yes,All, ,Yes,Yes,Yes,Yes,Yes, , ,Yes,Yes,Yes, , , ,Community Health Center - FQHC, , , , , ,Yes, , , , , , , ,Yes, , , , , ,Yes,Yes, ,Yes, ,Yes, ,Yes, ,Yes, ,"Dental, Mental Health", ,Yes, , , ,Yes,"Yes, by phone", , ,Yes,varies,1:00 PM - 4:30 PM, ,8:00 AM - 12 Noon, , , , ,Yes,Yes, , , , , , , , ,PC_39,No,"General Surgery, Oral Surgery, Primary Care, Psychiatry, Reproductive Health, STI Testing",NW,3E,,
-76.9915581555347,38.9444462507623,2,Providence Hospital's Center for Geriatric Medicine,1160 VARNUM STREET NE,WASHINGTON,DC,20017,5,202-269-7785, , , , , ,http://www.provhosp.org,009504, , ,No, ,301279,400732.02,141838.38,1970/01/01 00:00:00+00,,,PC_20,20017,26,289609,Yes, ,Yes,,Yes,Yes,"Yes, please call","Yes, please call",Yes, ,Private Non-Profit, ,, , , ,Yes,All,Yes,Yes,Yes,Yes,Yes,Yes,Yes, ,Yes,Yes,Yes,Yes,See Worksheet, , ,Hospital-Affiliated Clinic, , , , , , , , , , , , , , , , , , ,Yes, , ,Yes, , , , ,Yes, , ,Health Ed/Nutrition, , , , , ,Yes,"Yes, by phone", , ,No, ,8:30 AM - 5:00 PM,8:30 AM - 5:00 PM,8:30 AM - 5:00 PM,8:30 AM - 5:00 PM,8:30 AM - 5:00 PM, , , ,Yes, , , , , , , , ,PC_20,No,"Primary Care, Reproductive Health",NE,5A,,
-77.0251122941584,38.9392572441811,3,Mary's Center - Petworth,3912 GEORGIA AVENUE NW,WASHINGTON,DC,20011,4,202-483-8196, , , , , ,http://www.maryscenter.org,002502, , ,Other - Modified open access, ,224825,397823.06,141262.62,1970/01/01 00:00:00+00,,,PC_16,20011,8,224825,Yes, ,Yes,Yes,Yes,Yes,"Yes, please call","Yes, please call",Yes,Community Health Center-FQHC,Private Non-Profit, ,,Andreina Pradas,202-420-7112,apradas@maryscenter.org,Yes,All,Yes,Yes,Yes,Yes,Yes,Yes,Yes,Yes-Immigrant,Yes,Yes,Yes,Yes,See Worksheet, ,Community Health Center-FQHC, , , , , , , , , , ,Yes, , , , , , ,Yes, ,Yes,Yes, ,Yes, ,Yes, ,Yes,Yes,Yes, ,"Dental, Health Ed/Nutrition, Mental Health, WIC, Adult & Child Literacy",Yes,Yes, ,Yes, ,Yes,"Yes, by phone", , ,Other - Modified open access, ,8:00 AM - 5:00 PM,8:00 AM - 5:00 PM,8:00 AM - 5:00 PM,8:00 AM - 5:00 PM,8:00 AM - 5:00 PM,8:00 AM - 5:00 PM, ,Yes,Yes, , ,Yes, ,Yes,Yes,"Armenian, Bamilek, Bosnia, Croatian, Danish, English Creole, Fulani (W. Africa), German, Haitian Creole, Hindi, Ibibio, Krio, Nepali, Portuguese, Shangana, Swahili & Twi",Yes - added,PC_16,No,"Obstetrics, Pediatrics, Primary Care, Psychaitry, Reproductive Health, STI Test/Treatment",NW,4C,,
-77.0373966244729,38.9327394261404,4,Spanish Catholic Center,1618 MONROE STREET NW,WASHINGTON,DC,20010,1,202-939-2400, , , , , ,http://www.CatholicCharitiesdc.org,002701, , ,Yes, ,284055,396757.76,140539.45,1970/01/01 00:00:00+00,,,PC_27,20010,45,284055,Yes, ,Yes,Yes (for Medical), , ,Please call,Please call,Yes,Other,Other Non-Profit, ,,Rosemarie Ong,202-772-4600,rosemarie.ong@CatholicCharitiesDC.org,Yes, All, ,Yes,Yes,Yes,Yes, ,Yes, , , ,Yes,Yes (Medical), , ,Other, , , , , , , , , , , , , , , , , , , ,Yes, , , , , , ,Yes,Yes,Yes, ,"Dental, Health/Ed Nutrition, Mental Health", ,Yes, ,Yes, ,Yes,"Yes, by phone", , ,Yes,8:30 AM - 9:AM for Emergencies,8:30 AM - 5:00 PM,8:30 AM - 5:00 PM,8:30 AM - 5:00 PM,8:30 AM - 8:00 PM,8:30 AM - 5:00 PM,9:AM-1:00 PM (1st & 3rd), ,Yes,Yes, , ,Some, , , , , ,PC_27,Yes,Primary Care,NW,1D,,
-77.0330325451969,38.9281774913359,5,Unity - Upper Cardozo Health Center,3020 14TH STREET NW,WASHINGTON,DC,20009,1,202-469-4699, , , , , ,http://www.unityhealthcare.org/HealthCenters/ServiceUpperCardozo.html,002802, , ,Yes, ,242939,397135.96,140032.89,1970/01/01 00:00:00+00,,,PC_49,20009,30,242939,Yes, ,Yes,Yes,Yes,Yes,"Yes, please call","Yes, please call",Yes,Community Health Center-FQHC,Private Non-Profit, ,,Provider Specialist or Human Resources,202-715-7900,Aalleyne@Unityhealthcare.org,Yes,All,Yes,Yes,Yes,Yes,Yes,Yes,Yes, ,Yes,Yes,Yes,Yes,"BC/BS, United Healthcare, Aetna", ,Community Health Center - FQHC, ,Yes, , ,Yes, , ,Yes, , ,Yes, ,Yes, , , , ,Yes,Yes,Yes,Yes,Yes,Yes, ,Yes, ,Yes,Yes,Yes, ,"Dental, Health Ed/Nutrition, Mental Health, WIC",Yes,Yes,Yes,Yes, ,Yes,"Yes, by phone", , ,Yes,Daily & Saturday (8-12),8:00 AM - 10:00 PM,8:00 AM - 10:00 PM,8:00 AM - 10:00 PM,8:00 AM - 10:00 PM,8:00 AM - 10:00 PM,8:00 AM - 2:00 PM, ,Yes,Yes,Yes,Yes,Yes,Yes,Yes, , , ,PC_49,Yes,"Cardiology, Gastroenterology, Infectious Disease, Obstetrics, Opthalmology, Pediatrics, Podiatry, Primary Care, Psychiatry, Pulmonary, Reproductive Health, STI Test/Treatment",NW,1A,,
-77.0143960136373,38.9272738656822,6,Children's National Medical Center - Adolescent Health Center,111 MICHIGAN AVENUE NW,WASHINGTON,DC,20010,5,202-476-2123, , , , , ,http://www.childrensnational.org/,002302, , ,Yes, ,243365,398751.91,139932.16,1970/01/01 00:00:00+00,,,PC_09,20010,46,243365,No,Adolescents,Yes,Yes,Yes, ,"Yes, please call","Yes, please call",Yes, ,Private Non-Profit, ,, , , ,No,Adolescents,Yes, ,Yes,Yes,Yes,Yes,Yes,Yes,Yes,Yes,Yes,Yes,See Worksheet, , ,Hospital-Affiliated Clinic, , , , , , , , , , , , , , , , ,Yes, ,Yes, , , , , , ,Yes,Yes,Yes,Yes,"Dental, Health Ed/Nutrition, Mental Health, Pharmacy, WIC",Yes,Yes, ,Yes, ,Yes,"Yes, by phone", ,www.childrensnational.org/RequestAppointment/,Yes,during clinic hours,7:00 AM - 7:00 PM,7:00 AM - 7:00 PM,9:00 AM - 7:00 PM,7:00 AM - 7:00 PM,7:00 AM - 5:00 PM, , ,Yes,Yes,Yes,Yes,Yes,Yes,Yes,Yes, , ,PC_09,Yes,"Pediatrics, Primary Care",NW,5E,,
-77.0352269182601,38.9259169341591,7,La Clinica del Pueblo,2831 15TH STREET NW,WASHINGTON,DC,20009,1,202-462-4788, , , , , ,http://www.lcdp.org,003700, , ,Other - open access scheduling but not for walk-ins., ,243232,396945.59,139782.02,1970/01/01 00:00:00+00,,,PC_15,20009,22,243232,Yes, ,Yes,Yes,Yes,Yes,"Yes, please call","Yes, please call",Yes,Community Health Center-FQHC,Private Non-Profit, ,,Dietrich Johnson,202-448-2863,djohnson@lcdp.org,Yes,All, ,Yes,Yes, ,Yes, ,Yes, , , ,Yes,Yes,CareFirst Currently, ,"Community Health Center, FQHC", , , , , , ,Yes, , , , , , , , , , ,Yes, ,Yes,Yes, ,Yes, ,Yes, , ,Yes,Yes, ,"Health Ed/Nutrition, Mental Health", ,Yes, ,Yes, ,Yes,"Yes, by phone", , ,"Yes, please call",We schedule same-day or next-day appointments for our existing pts.,8:30 AM - 5:00 PM,8:30 AM - 5:00 PM,8:30 AM - 5:00 PM,8:30 AM - 5:00 PM,8:30 AM - 5:00 PM, , ,Yes,Yes, , ,Yes, ,Yes, ,We provide in-person medical interpreters when other language needs arise., ,PC_15,No,"HIV/AIDS Care, Pediatrics, Primary Care, Psychiatry, Reproductive Health, STI Test/Treatment",NW,1A,,
-77.0388127052017,38.9248983085726,8,Unity - Columbia Road Health Services,1660 COLUMBIA ROAD NW,WASHINGTON,DC,20009,1,202-469-4699, , , , , ,http://www.unityhealthcare.org/HealthCenters/ServiceColumbia.html,003800, , ,Yes, ,276384,396634.61,139669.07,1970/01/01 00:00:00+00,,,PC_34,20009,42,276384,Yes, ,Yes,Yes,Yes,Yes,"Yes, please call","Yes, please call",Yes,Community Health Center-FQHC,Private Non-Profit, ,,Provider Specialist or Human Resources,202-715-7900,Aalleyne@Unityhealthcare.org,Yes,All,Yes,Yes,Yes,Yes,Yes,Yes,Yes, ,Yes,Yes,Yes,Yes,"United Healthcare, BCBS", ,"Community Health Center, FQHC", , , , , , , , , , , , , , , , , ,Yes, ,Yes,Yes, ,Yes, , , , ,Yes,Yes, ,"Health Ed/Nutrition, Mental Health", ,Yes, ,Yes, ,Yes,"Yes, by phone", , ,Yes,All Site Hours,8:00 AM - 8:30 PM,8:00 AM - 8:30 PM,8:00 AM - 8:30 PM,8:00 AM - 8:30 PM,8:00 AM - 4:45 PM,8:00 AM - 12 Noon, ,Yes,Yes, , ,Yes, , , ,All languages through the language line, ,PC_34,Yes,"Pediatrics, Primary Care, Psychiatry, Reproductive Health",NW,1C,,
-77.0399906975995,38.9248554821976,9,Unity - Christ House Health Center,1717 COLUMBIA ROAD NW,WASHINGTON,DC,20009,1,202-508-0500, , , , , ,http://www.unityhealthcare.org/HealthCenters/ServiceChrist.html,003900, , ,Yes, ,235976,396532.46,139664.36,1970/01/01 00:00:00+00,,,PC_33,20009,34,235976,Yes, ,Yes,Yes,Yes,Yes,Please call,Please call,Yes,Community Health Center-FQHC,Private Non-Profit, ,,Provider Specialist or Human Resources,202-715-7900,Aalleyne@Unityhealthcare.org,Yes,All, ,Yes,Yes,Yes,Yes,Yes, , ,Yes,Yes,Yes, , , ,Community Health Center-FQHC, , , , , ,Yes, , , , , , , ,Yes, , , , , ,Yes,Yes, ,Yes, ,Yes, ,Yes, ,Yes, ,"Dental, Mental Health", ,Yes, , , ,Yes,"Yes, by phone", , ,Yes, ,1:00 PM - 4:30 PM,1:00 PM - 4:30 PM,1:00 PM - 4:30 PM,1:00 PM - 4:30 PM,1:00 PM - 4:30 PM, , ,English,Spanish, , , , , , , , ,PC_33,No,"General Surgery, Oral Surgery, Primary Care, Psychiatry, Reproductive Health, STI Testing",NW,1C,,
-77.0379929232066,38.9230322339011,10,Children's Health Center - Adams Morgan,1630 EUCLID STREET NW,WASHINGTON,DC,20009,1,202-476-5580, , , , , ,http://www.childrensnational.org,003800, , ,Yes, ,301500,396705.61,139461.89,1970/01/01 00:00:00+00,,,PC_04,20009,33,301500,No,Children and Adolescents,Yes,Yes,Yes, ,"Yes, please call","Yes, please call",Yes, ,Private Non-Profit, ,, , , ,No,Children and Adolescents,Yes, ,Yes,Yes,Yes,Yes,Yes,Yes,Yes,Yes,Yes, , , , ,Hospital-Affiliated Clinic, , , , , , , , , , , , , , , , ,Yes, ,Yes, , , , , , , ,Yes,Yes, ,"Health Ed/Nutrition, Mental Health, WIC",Yes, , ,Yes, ,Yes,Phone and website, ,www.childrensnational.org/RequestAppointment/,Yes,during clinic hours,8:30 AM - 5:00 PM,8:30 AM - 5:00 PM,8:30 AM - 5:00 PM,8:30 AM - 5:00 PM,8:30 AM - 5:00 PM, , ,Yes,Yes,Yes,Yes,Yes,Yes,Yes,Yes, , ,PC_04,No,"Pediatrics, Primary Care",NW,1C,,
-76.9893549498708,38.9216876682283,11,Unity - Brentwood Health Center,1251 SARATOGA AVENUE NE,WASHINGTON,DC,20018,5,202-469-4699, , , , , ,http://www.unityhealthcare.org/HealthCenters/ServiceBrentwood.html,9102, , ,Yes, ,69666,400923.31,139312,2016/02/12 00:00:00+00,Eva.Stern,UPDATE,PC_31,20018,3,149821,Yes, ,Yes,Yes,Yes,Yes,"Yes, please call","Yes, please call",Yes,Community Health Center-FQHC,Private Non-Profit, ,,Provider Specialist or Human Resources,202-715-7900,Aalleyne@Unityhealthcare.org,Yes,All,Yes,Yes,Yes,Yes,Yes,Yes,Yes,Yes - Deaf,Yes,Yes,Yes,Yes,"United Healthcare, BCBS (most)",HMOs,"Community Health Center, FQHC", , , , , , , , , , ,Yes, , , , , , ,Yes,Yes,Yes,Yes, ,Yes, , , , ,Yes, , ,Health Ed/Nutrition, ,Yes, , , ,Yes,"Yes, by phone", , ,Yes,"M-F 7:45 a.m. -11 a.m.; M & TH 5-8 PM",7:45 AM - 8:00 PM,7:45 AM - 4:45 PM,7:45 AM - 4:45 PM,7:45 AM - 8:00 PM,7:45 AM - 4:45 PM, , ,Yes,Yes, , , , , , ,Language-Line available, ,PC_31,Yes,"Obstetrics, Pediatrics, Podiatry, Primary Care, Psychaitry, Reproductive Health, STI Test/Treatment",NE,5C,,
-77.0398084009067,38.9209801636915,12,Mary's Center - Adams Morgan,2333 ONTARIO ROAD NW,WASHINGTON,DC,20009,1,202-483-8196, , , , , ,http://www.maryscenter.org,003800, , ,Other - Modified open access, ,284370,396548.08,139234.16,1970/01/01 00:00:00+00,,,PC_17,20009,31,284370,Yes, ,Yes,Yes,Yes,Yes,"Yes, please call","Yes, please call",Yes,Community Health Center-FQHC,Private Non-Profit, ,,Andreina Pradas,202-420-7112/7141/7042,apradas@maryscenter.org,Yes,All,Yes,Yes,Yes,Yes,Yes,Yes,Yes,Yes-Immigrant,Yes,Yes,Yes,Yes,See Worksheet, ,Community Health Center-FQHC, , , , , , , , , , ,Yes, , , , , , ,Yes, ,Yes,Yes, ,Yes, ,Yes, ,Yes,Yes,Yes, ,"Dental, Health Ed/Nutrition, Mental Health, WIC, Adult & Child Literacy",Yes,Yes, ,Yes, ,Yes,"Yes, by phone", , ,Other - Modified open access,M-F 8:00 -11:00 AM and 1-3:00 PM,8:00 AM - 5:00 PM,8:00 AM - 5:00 PM,8:00 AM - 5:00 PM,8:00 AM - 5:00 PM,8:00 AM - 5:00 PM,8:00 AM - 5:00 PM, ,Yes,Yes,Yes, ,Yes, ,Yes,Yes,"Armenian, Bamilek, Bosnia, Croatian, Danish, English Creole, Fulani (W. Africa), German, Haitian Creole, Hindi, Ibibio, Krio, Nepali, Portuguese, Shangana, Swahili & Twi",Yes - added,PC_17,No,"Obstetrics, Pediatrics, Primary Care, Psychaitry, Reproductive Health, STI Test/Treatment",NW,1C,,
-77.0273347272592,38.9198931092237,13,Children's Health Center - Shaw/Comp Clinic,2220 11TH STREET NW,WASHINGTON,DC,20001,1,202-476-5500, , , , , ,http://www.childrensnational.org/,004400, , ,Yes, ,238963,397629.74,139113.09,1970/01/01 00:00:00+00,,,PC_07,20001,28,238963,No,Children and Adolescents,Yes,Yes,Yes, ,"Yes, please call","Yes, please call",Yes, ,Private Non-Profit, ,, , , ,No,Children and Adolescents,Yes, ,Yes,Yes,Yes,Yes,Yes,Yes,Yes,Yes,Yes, , , , ,Hospital-Affiliated Clinic, , , , , , , , , , , , , , , , ,Yes, ,Yes, , , , , , , ,Yes,Yes, ,"Health Ed/Nutrition, Mental Health, WIC",Yes, , ,Yes, ,Yes,"Yes, by phone", ,www.childrensnational.org/RequestAppointment/,Yes,during clinic hours,8:30 AM - 5:00 PM,8:30 AM - 5:00 PM,8:30 AM - 5:00 PM,8:30 AM - 5:00 PM,8:30 AM - 5:00 PM, , ,Yes,Yes,Yes,Yes,Yes,Yes,Yes,Yes, , ,PC_07,No,"Pediatrics, Primary Care",NW,1B,,
-77.0404765343706,38.9193430308698,14,Community of Hope - Marie Reed Health Center,2155 CHAMPLAIN STREET NW,WASHINGTON,DC,20009,1,202-232-9022, , , , , ,http://www.communityofhopedc.org/,003800, , ,Yes -call, ,316200,396489.2,139058.25,1970/01/01 00:00:00+00,,,PC_11,20009,32,303241,Yes, ,Yes,Yes,Yes,Yes,"Yes, please call","Yes, please call",Yes,FQHC,Private Non-Profit, ,,Charla Everhart Lum,202-407-7749,clum@cohdc.org,Yes,All,Yes,Yes,Yes,Yes,Yes,Yes,Yes,Yes,Yes,Yes,Yes,Yes,Carefirst/Aetna/Cigna, ,FQHC, , , , , , ,Yes, , , ,Yes, , , , , , ,Yes, ,Yes,Yes, ,Yes, ,Yes, ,Yes,Yes,Yes, ,"Dental, Health Ed/Nutrition, Mental Health", ,Yes, ,Yes, ,Yes,"Yes, by phone",info.cohdc.org,Yes,"Yes, limited",(didn't list),8:30AM to 5:00 PM,8:30 AM to 8:00 PM,8:30 AM to 8:00 PM,8:30AM to 5:00 PM,8:30AM to 5:00 PM,No,No,Yes,Yes,Via translation line,Via translation line,Via translation line,Via translation line,Via translation line, ,Translation for all others,Yes - added,PC_11,Yes,"HIV/AIDS Care, Obstetrics, Pediatrics, Primary Care, Psychiatry, Reproductive Health, STI Test/Treatment",NW,1C,,
-77.0216190951033,38.9188417733895,15,Howard University Hospital Family Health Center,2139 GEORGIA AVENUE NW,WASHINGTON,DC,20001,1,202-865-3250, , , , , ,http://www.huhealthcare.com/healthcare/hospital/departments/community-family,003400, , ,Yes, ,291573,398125.37,138996.25,1970/01/01 00:00:00+00,,,PC_14,20001,27,291573,Yes, , ,Yes,Yes,Yes,"Yes, please call","Yes, please call", , , , ,, , , ,Yes,All, ,Yes,Yes,Yes,Yes,Yes,Yes,Yes-Refugees & Asylees,Yes, , ,Yes,"BC/BS, Cigna Commercial, Commercial Managed Care", , ,Hospital-Affiliated Clinic, , , , , , , , , , , , , , , , , , ,Yes, , , , , , , , , , ,None, , , , , ,Yes,"Yes, by phone", , ,Yes,Times vary.,8:00 AM - 5:30 PM,8:00 AM - 5:30 PM,1:00 PM - 5:30 PM,8:00 AM - 5:30 PM,8:00 AM - 5:30 PM, , ,Yes,Yes,Yes, ,Yes,Yes, , ,Cyracom Telephone Onsite, ,PC_14,No,Primary Care,NW,1B,,
-76.9741716263651,38.9178489223054,16,Unity - Harbor Light Health Center,2100 NEW YORK AVENUE NE,WASHINGTON,DC,20002,5,202-508-0500, , , , , ,http://www.unityhealthcare.org/HealthCenters/ServiceHarbor.html,011100, , ,Yes, ,286616,402240.09,138886.13,1970/01/01 00:00:00+00,,,PC_41,20002,16,286616,Yes, , ,Yes,Yes,Yes,Please call,Please call,Yes,Community Health Center-FQHC,Private Non-Profit, ,,Provider Specialist or Human Resources,202-715-7900,Aalleyne@Unityhealthcare.org,Yes,All, ,Yes,Yes,Yes,Yes,Yes, , ,Yes,Yes,Yes, , , ,Community Health Center - FQHC, , , , , ,Yes, , , , , , , ,Yes, , , , , ,Yes,Yes, ,Yes, ,Yes, ,Yes, ,Yes, ,"Dental, Mental Health", ,Yes, , , ,Yes,"Yes, by phone", , ,Yes,varies,1:00 PM - 4:30 PM, ,1:00 PM - 4:30 PM, , , , ,Yes,Yes, , , , , , , , ,PC_41,No,"General Surgery, Oral Surgery, Primary Care, Psychiatry, Reproductive Health, STI Testing",NE,5C,,
-76.9858317141638,38.9150757203169,17,Unity - New York Avenue Homeless Shelter,1355 NEW YORK AVENUE NE,WASHINGTON,DC,20002,5,202-508-0500, , , , , ,http://www.unityhealthcare.org/HealthCenters/ServiceNewYork.html,008803, , ,Yes, ,66060,401228.95,138578.06,1970/01/01 00:00:00+00,,,PC_45,20002,17,66060,Yes, ,Yes,Yes,Yes,Yes,Please call,Please call,Yes,Community Health Center-FQHC,Private Non-Profit, ,,Provider Specialist or Human Resources,202-715-7900,aalleyne@Unityhealthcare.org,Yes,All, ,Yes,Yes,Yes,Yes,Yes, , ,Yes,Yes,Yes, , , ,Community Health Center-FQHC, , , , , ,Yes, , , , , , , ,Yes, , , , , ,Yes,Yes, ,Yes, ,Yes, ,Yes, ,Yes, ,"Dental, Mental Health", ,Yes, , , ,Yes,"Yes, by phone", , ,Yes,varies,5:00 PM - 9:00 PM,5:00 PM - 9:00 PM,5:00 PM - 9:00 PM,5:00 PM - 9:00 PM,5:00 PM - 9:00 PM, , ,Yes,Yes, , , , , , , , ,PC_45,Yes,"General Surgery, Oral Surgery, Primary Care, Psychiatry, Reproductive Health, STI Testing",NE,5D,,
-77.0752842644565,38.9122110044859,18,Georgetown Hospital's Physicians Group,3800 RESERVOIR ROAD NW,WASHINGTON,DC,20057,2,202-342-2400, , , , , ,http://www.georgetownuniversityhospital.org,000201, , ,No, ,291547,393470.87,138262.65,1970/01/01 00:00:00+00,,,PC_13,20057,7,291547,Yes, ,Yes,Yes,Yes,Yes,"Yes, please call","Yes, please call",Yes, ,Private Non-Profit, ,, , , ,Yes,All,Yes,Yes, ,Yes,Yes,Yes,Yes, ,Yes,Yes,Yes, ,See Worksheet, , ,Hospital-Affiliated Clinic,Yes, ,Yes,Yes, ,Yes,Yes,Yes,Yes,Yes,Yes, ,Yes, ,Yes,Yes,Yes,Yes,Yes,Yes,Yes,Yes,Yes, ,Yes, , , ,Yes,Pharmacy, , , , , ,Yes,"Yes, by phone", , ,No, ,8:30 AM - 5:00 PM,8:30 AM - 5:00 PM,8:30 AM - 5:00 PM,8:30 AM - 5:00 PM,8:30 AM - 5:00 PM, , ,Yes,Yes, , , , ,Yes,Yes,"Arabic, Portuguese", ,PC_13,No,"Cardiology, Endocrinology, Gastroenterology, HIV/AIDS Care, Infectious Disease, Nephrology, Neurology, Obstetrics, Oncology, Oral Surgery, Orthopedic, Pediatrics, Podiatry, Primary Care, Psychiatry, Pulmonary, Reproductive Health, Rheumatology, Urology",NW,2E,,
-77.0316340755093,38.9104828174151,19,Whitman Walker - 1525 Medical Center,1525 14TH STREET NW,WASHINGTON,DC,20005,2,202-745-7000,,,,,,http://www.whitman-walker.org,005001,,,,,300332,397256.54,138068.59,2016/02/12 00:00:00+00,Eva.Stern,ADD,PC_56,20005,41,,,,,,,,,,,,,,,,,,,,,,,,,,,,,,,,,,,,,,,,,,,,,,,,,,,,,,,,,,,,,,,,,,,,,,,,,,,,,,,,,,,,,,,,,,,,,,PC_56,,,NE,5C,,
-77.0216272404835,38.9103394334506,20,Bread for the City,1525 7TH STREET NW,WASHINGTON,DC,20001,6,202-386-7020, , , , , ,http://www.breadforthecity.org/,004801, , ,Yes -some, ,297622,398124.44,138052.42,1970/01/01 00:00:00+00,,,PC_02,20001,12,297622,No,"Only Medicaid, Alliance & Uninsured DC residents",Yes,Yes,Yes,Yes,No,No,No fees,Community Health Center - FREE Clinic,Private Non-Profit, ,, , , ,No,"Only Medicaid, Alliance & Uninsured DC residents",Yes,Yes,Yes,Yes,Yes,Yes,Yes,Everyone,Yes,Yes,Yes,Alliance,NONE,All Private Insurance Not accepted,Community Health Center - FREE Clinic, , , , , , , , , , , , , , ,Dental, , ,Yes, ,Yes, , ,Yes, ,Yes, ,Yes,Yes, , ,"Dental, Health Ed/Nutrition", ,Yes, ,Yes, ,Yes - few per day,"Yes, by phone", , ,"Yes, limited",Same day and Next Day Only for New & returning patients.,9:00 AM- 4:00 PM,9:00 AM - 3:00 PM - & 5:00 - 6:30 PM,9:00 AM - 4:00 PM,9:00 AM - 4:00 PM,9:00 AM - 12 NOON, , ,Yes,Yes,Via Language Line,Via Language Line,Via Language Line,Via Language Line,Via Language Line, ,Interpreter available for any languages, ,PC_02,No,"Pediatrics, Primary Care, Reproductive Health, STI Testing",NW,6E,,
-77.0111029141157,38.9082495302713,21,S.O.M.E (So Others Might Eat),60 O STREET NW,WASHINGTON,DC,20001,5,202-797-8806, , , , , ,http://www.some.org/,004600, , ,Yes, ,236940,399037.2,137820.26,1970/01/01 00:00:00+00,,,PC_26,20001,13,236940,No,Homeless and under-served,Yes,Yes,Yes,Yes,No,No,Yes,Community Health Center,Private Non-Profit, ,,Carolyn Penn,202-797-8806,cpenn@some.org,No,Homeless-under-served, ,Yes, ,Yes,Yes, , , , ,Yes,Yes,Yes,N/A, ,Community Health Center, , , , , , , , , , , , , ,Yes,Opthalmology, , , , ,Yes,Yes, , , , , ,Yes, ,Yes, ,"Dental, Mental Health", ,Yes, , , ,Yes,"Yes, by phone", , ,Yes,Monday -Friday  8:00 AM - 2:00 PM,8:00 AM - 4:00 PM,8:00 AM - 4:00 PM,8:00 AM - 4:00 PM,8:00 AM - 12 Noon,8:00 AM - 12 Noon, , ,Yes,Yes, , , , , , , , ,PC_26,No,"Opthalmology, Oral Surgery, Primary Care, Psychiatry",NW,5E,,
-77.031427907344,38.9075735375839,22,Unity - N Street Village Health Center,1333 N STREET NW,WASHINGTON,DC,20005,2,202-508-0500, , , , , ,http://www.unityhealthcare.org/HealthCenters/ServiceNStreet.html,005002, , ,Yes, ,298405,397274.31,137745.63,1970/01/01 00:00:00+00,,,PC_44,20005,20,298405,Yes, ,Yes,Yes,Yes,Yes,Please call,Please call,Yes,Community Health Center-FQHC,Private Non-Profit, ,,Provider Specialist or Human Resources,202-715-7900,Aalleyne@Unityhealthcare.org,Yes,All, ,Yes,Yes,Yes,Yes,Yes, , ,Yes,Yes,Yes, , , ,Community Health Center - FQHC, , , , , ,Yes, , , , , , , ,Yes, , , , , ,Yes,Yes, ,Yes, ,Yes, ,Yes, ,Yes, ,Dental, ,Yes, , , ,Yes,"Yes, by phone", , ,Yes,varies, ,8:00 AM - 12 Noon, ,8:00 AM - 12 Noon, , , ,Yes,Yes, , , , , , , , ,PC_44,No,"General Surgery, Oral Surgery, Primary Care, Psychiatry, Reproductive Health, STI Testing",NW,2F,,
-77.0002589242985,38.9063237124886,23,Planned Parenthood - Carol Whitehill Moses Center,1225 4TH STREET NE,WASHINGTON,DC,20002,6,202-347-8500 ,,,,,,https://www.plannedparenthood.org,10600,,,,,70908,399977.74,137606.42,2016/10/05 00:00:00+00,Eva.Stern,ADD,PC_57,20002,52,70908,Yes,,Yes,Yes,Yes,<Null>,"Yes, please call","Yes, please call",Yes,Other - Planned Parenthood,Private Non-Profit,,,Renee McRae,202-347-8500 ext. 7232,renee.mcraw@ppmw.org,Yes,All,Yes,Yes,Yes,Yes,Yes,Yes,Yes,,Yes,,Yes,Yes,See Worksheet,,Other - Planned Parenthood,,,,,,,,,,,,,,,,,,,,Limited,,,Family Planning,,STI Testing,,,Yes,,Yes,"Medical: Primary Care (Limited), Reproductive Health, STI Test/Treatment;
Other: Health Ed/Nutrition, Pharmacy
Medical: Primary Care (Limited), Reproductive Health, STI Test/Treatment;
Other: Health Ed/Nutrition, Pharmacy",,,,,,Yes,"Yes, by phone",,,Yes,,10:00 AM - 6:00 PM,10:00 AM - 6:00 PM,10:00 AM - 6:00 PM,10:00 AM - 6:00 PM,,,,Yes,Yes,,,,,,,,,PC_57,"Yes, limited","Primary Care (Limited), Reproductive Health, STI Test/Treatment",NE,6C,,
-77.0133530574804,38.9053873421559,24,Providence Hospital's Perry Family Health Center,128 M STREET NW,WASHINGTON,DC,20001,6,202-682-3840, , , , , ,http://www.provhosp.org/Facilities/PerryFam.htm,004701, , ,Yes, ,279016,398841.99,137502.56,1970/01/01 00:00:00+00,,,PC_25,20001,11,279016,Yes, ,Yes,Yes,Yes,Yes,"Yes, please call","Yes, please call",Yes, ,Private Non-Profit, ,, , , ,Yes,All,Yes,Yes,Yes,Yes,Yes,Yes,Yes, ,Yes,Yes,Yes,Yes,See Worksheet, , ,Hospital-Affiliated Clinic, , , , , , , , , , , , , , , , ,Yes, ,Yes,Yes, ,Yes, , , , ,Yes,Yes, ,"Health Ed/Nutrition, Mental Health", , , , , ,Yes,"Yes, by phone", , ,Yes, ,8:00 AM - 5:00 PM,8:00 AM - 7:00 PM,8:00 AM - 7:00 PM,8:00 AM - 7:00 PM,8:00 AM - 7:00 PM,9:00 AM - 2:30 PM, , ,Yes, , , , , , , , ,PC_25,Yes,"Pediatrics, Primary Care, Psychiatry, Reproductive Health",NW,6E,,
-77.0323972755342,38.9032026005106,25,MetroHealth,1012 14TH STREET NW,WASHINGTON,DC,20005,2,202-638-0750, , , , , ,https://metrohealthdc.org/,010100, , ,varies - 2 am and 2 pm slots per day, ,240262,397190.06,137260.45,1970/01/01 00:00:00+00,,,PC_03,20005,21,240262,Yes, ,Yes,Yes,Yes,Pending,"Yes, please call","Yes, please call",Yes,Community Health Center,Private Non-Profit, ,, , , ,Yes,All, ,Yes,Yes,Yes,Yes,Yes,Yes, ,Yes,Yes,Yes,Yes,See Worksheet, ,Community Health Center, , , , , , ,Yes,Yes, , , , , , ,Family Medicine, , , , ,Yes, , ,Yes - Limited, ,Yes, , ,Yes,Yes, ,"Health Ed/Nutrition, Mental Health", ,Yes, ,Yes, ,Yes,"Yes, by phone", , ,"Yes, limited",varies,8:00 AM- 8:00 PM,8:00 AM - 5:00 PM,9:00 AM to 8:00 PM,8:00 AM - 3:00 PM,8:00 AM - 1:00 PM, , ,Yes,Yes, , , , ,French,Limited, , ,PC_03,Yes,"Family Medicine, HIV/AIDS Care, Infections Disease, Primary Care, Reproductive Health, STI Test/Treatment",NW,2F,,
-76.9782263108021,38.9008171290714,26,Community of Hope - Family Health & Birth,801 17TH STREET NE,WASHINGTON,DC,20002,5,202-398-5520, , , , , ,http://www.communityofhopedc.org/,008904, , ,Yes -call, ,288960,401888.91,136995.37,1970/01/01 00:00:00+00,,,PC_10,20002,18,288960,Yes, ,Yes,Yes,Yes,Yes,"Yes, please call","Yes, please call",Yes,FQHC,Private Non-Profit, ,,Charla Everhart Lum,202-407-7749,clum@cohdc.org,Yes,All,Yes,Yes,Yes,Yes,Yes,Yes,Yes,Yes,Yes,Yes,Yes,Yes,Carefirst/Aetna/Cigna, ,FQHC, , , , , , ,Yes, , , ,Yes, , , , , , ,Yes, ,Yes,Yes, ,Yes, ,Yes, ,Yes,Yes,Yes, ,"Dental, Health Ed/Nutrition, Mental Health", ,Yes, ,Yes, ,Yes,"Yes, by phone", , ,"Yes, limited",(didn't list),9:00 AM - 5:00 PM,9:00 AM - 7:00 PM,9:00 AM - 5:00 PM,9:00 AM - 5:00 PM,8:00 AM - 4:00 PM,No,No,Yes,Yes,Via translation line line,Via translation line,Via translation line,Via translation line,Via translation line, ,Translation for all others, ,PC_10,Yes,"HIV/AIDS, Obstetrics, Pediatrics, Primary Care, Psychiatry, Reproductive Health, STI Test/Treatment",NE,5D,,
-76.9474648673082,38.900428184523,27,Unity - Parkside Health Center,765 KENILWORTH TERRACE NE,WASHINGTON,DC,20019,7,202-469-4699,,,,,,"http://www.unityhealthcare.org/HealthCenters/ServiceParkside.html
",009602,,,,,310407,404557.27,136953.28,1970/01/01 00:00:00+00,,,PC_55,20019,40,310407,Yes,No,Yes,Yes ,Yes ,Yes ,Yes ,"Yes, except Kaiser",Yes ,Community Health Center-FQHC,Non-Profit ,,,,,,Yes ,All ,Yes,Yes,Yes,Yes,Yes,Yes,Yes,,Yes,Yes,Yes,Yes,"Medicaid, Medicare, AmeriHealth, MedStar Family Choice, Trusted Health Plan ",Kaiser ,,,No,Yes,No,No,No,Yes,No,No,No,Yes,No,Yes,No,N/A ,Yes,No,Yes,Yes,Yes,No,No,Yes,No,No,No,Yes,Yes,"Yes, Behavioral ",No,"Primary Care, Pediatrics, Reproductive Health, Psychiatry, Podiatry, Obstetrics, Dental, Social Services, Health Ed./Nutrition, HIV/AIDS Care, Mental Health, Dermatology, Orthopedic, Opthalmology ",,Yes,,,,,,,,Yes,,8:15am-4:45pm ,8:15am-4:45pm ,8:15am-4:45pm ,8:15am-4:45pm ,8:15am-4:45pm ,No,No,Yes,,,,,,,,Interpreter service provided ,,PC_55,No,"Primary Care, Pediatrics, Reproductive Health, Psychiatry, Podiatry, Obstetrics, Dental, Social Services, Health Ed./Nutrition, HIV/AIDS Care, Mental Health, Dermatology, Orthopedic, Opthalmology ",NE,7D,No,
-77.0132992197861,38.895511573695,28,Unity - Federal City (CCNV),425 2ND STREET NW,WASHINGTON,DC,20001,6,202-508-0500, , , , , ,http://www.unityhealthcare.org/HealthCenters/ServiceCentralUnion.html,005900, , ,Yes, ,299726,398846.5,136406.27,1970/01/01 00:00:00+00,,,PC_32,20001,29,299726,Yes, ,Yes,Yes,Yes,Yes,"Yes, please call","Yes, please call",Yes,Community Health Center-FQHC,Private Non-Profit, ,,Provider Specialist or Human Resources,202-715-7900,Aalleyne@Unityhealthcare.org,Yes,All, ,Yes,Yes,Yes,Yes,Yes,Yes, ,Yes,Yes,Yes,Yes,Blue Cross, ,"Community Health Center, FQHC", , , , , , , ,Yes,Yes, , , , , , , ,Yes, ,Yes,Yes,Yes, ,Yes, ,Yes,Yes,Yes,Yes, , ,"Dental, Health Ed/Nutrition", ,Yes, ,Yes, ,Yes,"Yes, by phone", , ,Yes,"7:45AM-8:45AM; 12:45PM-1:45 PM or at provider's discretion",7:45 AM- 4:00 PM,7:45 AM- 4:00 PM,7:45 AM- 4:00 PM,7:45 AM- 4:00 PM,7:45 AM- 4:00 PM,7:45 - 12:00 Noon, ,Yes,Yes,Yes,Yes,Yes,Yes,Yes,Yes, , ,PC_32,No,"Infectious Disease, Nephrology, Gastroenterology, Podiatry, Primary Care, Psychiatry, Reproductive Health, STI Test/Treatment, Urology",NW,6C,,
-76.9513084452162,38.8939309440935,29,Unity - Minnesota Avenue Health Center,3924 MINNESOTA AVENUE NE,WASHINGTON,DC,20019,7,202-469-4699, , , , , ,http://www.unityhealthcare.org/HealthCenters/ServiceMinnesota.html,009603, , ,Yes, ,288039,404224.25,136231.85,1970/01/01 00:00:00+00,,,PC_43,20019,6,288039,Yes, ,Yes,Yes,Yes,Yes,"Yes, please call","Yes, please call",Yes,Community Health Center-FQHC-School Based Health Ctr.,Private Non-Profit, ,,Provider Specialist or Human Resources,202-715-7900,aarthur@unityhealthcare.org,Yes,All,Yes,Yes,Yes, ,Yes, ,Yes, , , ,Yes,Yes,Yes, ,Community Health Center - FQHC - School Based Health Ctr., , ,Yes, , , ,Yes,Yes, , ,Yes, , , , , , ,Yes,Yes,Yes,Yes, ,Yes, ,Yes, , ,Yes, , ,Health Ed/Nutrition, ,Yes, ,Yes, ,Yes,"Yes, by phone","psc@unityhealthcare.org;",http://www.UnityHealthcare.org/,Yes,varies,8:00 AM - 10:00 PM,8:00 AM - 10:00 PM,8:00 AM - 10:00 PM,8:00 AM - 10:00 PM,8:00 AM - 10:00 PM,8:00 AM - 10:00 PM,8:00 AM - 10:00 PM,Yes, , , , , , , , , ,PC_43,Yes,"Dermatology, HIV/AIDS Care, Infectious Disease, Obstetrics, Pediatrics, Podiatry, Primary Care, Psychiatry, Reproductive Health, STI Test/Treatment",NE,7F,,
-76.9898286663262,38.8659301344824,30,"Family and Medical Counseling Services, Inc. (FMCS)",2041 MARTIN LUTHER KING JR AVENUE SE,WASHINGTON,DC,20020,8,202-889-7900, , , , , ,http://www.fmcsinc.org/,007503, , ,Yes, ,278056,400882.92,133122.47,1970/01/01 00:00:00+00,,,PC_12,20020,49,278056,Yes, ,Yes,Yes,Yes,Yes,"Yes, please call","Yes, please call",Yes, ,Private Non-Profit,"Private Practice, Group Practice",, , , ,Yes,All, ,Yes,Yes,Yes,Yes,Yes,Yes, ,Yes, ,Yes,Yes,"Aetna, Charter, BC/BS", , , ,Yes, , , , ,Yes,Yes, , , , , , , , , , , ,Yes, , ,Yes, ,Yes, , ,Yes, ,Yes,"Health Ed/Nutrition, Pharmacy", ,Yes, ,Yes, ,Yes,"Yes, by phone", , ,Yes, 9-11 AM Monday - Friday,9:00 AM - 5:00 PM,9:00 AM - 5:00 PM,9:00 AM - 5:00 PM,9:00 AM - 5:00 PM,9:00 AM - 5:00 PM,9:00 AM - 2:00 PM, ,Yes, , , , , ,Yes, , , ,PC_12,No,"Cardiology, HIV/AIDS Care, Infectious Disease, Primary Care, Reproductive Health, STI Test/Treatment",SE,8A,,
-76.9912633123093,38.863468340719,31,Whitman Walker - Max Robinson Medical Center,2301 MARTIN LUTHER KING JR AVENUE SE,WASHINGTON,DC,20020,8,202-797-3567, , , , , ,http://www.whitman-walker.org,007401, , ,Other, ,48991,400758.44,132849.18,1970/01/01 00:00:00+00,,,PC_52,20020,50,48991,Yes, ,Yes,Yes,Yes,Yes,"Yes, please call","Yes, please call",Yes,"Community Health Center, FQHC Look-alike",Private Non-Profit, ,, , , ,Yes,All, ,Yes,Yes,Yes,Yes,Yes,Yes, ,Yes,"Yes, if engaged with core service agency who accompanies the patient to the appointment.",Yes,Yes,Yes -See Worksheet, ,"Community Health Center, FQHC Look-alike", , , , , , , ,Yes, , , , , , , , , , , ,Yes,Yes, ,Yes, ,Yes, ,Yes - for their patients who also receive either medical or behavioral health services from one of their facilities.,Yes,Yes,Yes,"Dental, Health Ed/Nutrition, Mental Health, Addiction Counseling, Case Management,  Day treatment, HIV Testing, Legal Services  ", ,"Referrals/emergency assistance for Transportation, housing, Food.", ,For their patients., ,Yes,"Yes, by phone",appointments@whitman-walker.org, ,"Yes, limited to existing patients and newly diagnosed people with HIV.",Red Carpet is available on a first come first serve basis Monday-Friday 9:00 AM to 5:00 PM.  Red Carpet services means client registered for services - see either Public Benefits about insurance or medical adherence nurse to discuss HIV.,8:30 AM to 3:20 PM,8:30 AM to 3:20 PM,8:30 AM to 3:20 PM,8:15 AM to 3:45 PM,9:00 AM to 3:40 PM, , ,Yes, , , , , , , , , ,PC_52,No,"Infectious Disease, Primary Care, Psychiatry, Reproductive Health, STI Test/Treatment",SE,8A,,
-76.9835662372977,38.8631088861199,32,Unity - Anacostia Health Center,1500 GALEN STREET SE,WASHINGTON,DC,20020,8,202-469-4699, , , , , ,http://www.unityhealthcare.org/HealthCenters/ServiceAnacostia.html,007503, , ,Yes, ,277592,401426.13,132809.4,1970/01/01 00:00:00+00,,,PC_29,20020,51,277592,Yes, ,Yes,Yes,Yes,Yes,"Yes, please call","Yes, please call",Yes,Community Health Center-FQHC,Private Non-Profit, ,,Provider Specialist or Human Resources,202-715-7900,Aalleyne@Unityhealthcare.org,Yes,Yes,Yes,Yes,Yes,Yes,Yes,Yes, ,Yes,Yes,Yes,Yes,Yes.,"Aetna, United, HealthCare, BC BC/BS", ,"Community Health Center, FQHC", , , , , , , ,Yes, , ,Yes, , , , , , ,Yes,Yes,Yes,Yes, ,Yes, ,Yes, ,Yes,Yes,Yes,Yes,"Dental, Health Ed/Nutrition, Mental Health, Pharmacy, WIC",Yes,Yes, , , ,Yes,"Yes, by phone", ,Through Website,Yes,"Next day walk-ins; M-Thur. - 5:00 - 8:00 pm; Saturday 8: AM - 2 PM",8:00 AM to 8:00 PM,8:00 AM to 8:00 PM,8:00 AM to 8:00 PM,8:00 AM to 8:00 PM,8:00 AM to 8:00 PM,8:00 AM - 2:00 PM, ,English, , , , , , , , , ,PC_29,Yes,"Infectious Disease, Obstetrics, Pedicatrics, Podiatry, Primary Care, Psychiatry, Reproductive Health, STI Test/Treatment",SE,8A,,
-76.9947308526837,38.8506920767665,33,Unity - 801 East Health Center,2700 MARTIN LUTHER KING JR AVENUE SE,WASHINGTON,DC,20032,8,202-508-0500, , , , , ,http://www.unityhealthcare.org/HealthCenters/Service801.html,010400, , ,Yes, ,301562,400457.58,131430.9,1970/01/01 00:00:00+00,,,PC_28,20032,1,301562,Yes, ,Yes,Yes,Yes,Yes,Please call,Please call,Yes,Community Health Center-FQHC,Private Non-Profit, ,,Provider Specialist or Human Resources,202-715-7900,Aalleyne@Unityhealthcare.org,Yes,All, ,Yes,Yes,Yes,Yes,Yes, , ,Yes,Yes,Yes, , , ,"Community Health Center, FQHC", , , , , ,Yes, , , , , , , ,Yes, , , , , ,Yes,Yes, ,Yes, ,Yes, ,Yes, ,Yes, ,"Dental, Health Ed/Nutrition", ,Yes, , , ,Yes,"Yes, by phone", , ,Yes, ,8:00 AM - 9:00 PM,8:00 AM - 9:00 PM,8:00 AM - 9:00 PM,8:00 AM - 9:00 PM,8:00 AM - 9:00 PM, , ,Yes,Yes, , , , , , , , ,PC_28,Yes,"General Surgery, Oral Surgery, Primary Care, Psychiatry, Reproductive Health, STI Testing",SE,8C,,
-76.9806472919142,38.8492753662762,34,Unity - Stanton Road Health Center,3240 STANTON ROAD SE,WASHINGTON,DC,20020,8,202-469-4699, , , , , ,http://www.unityhealthcare.org/HealthCenters/ServiceStanton.html,007404, , ,Yes, ,156534,401680.12,131273.8,1970/01/01 00:00:00+00,,,PC_48,20020,35,156534,Yes, ,Yes,Yes,Yes,Yes,"Yes, please call","Yes, please call",Yes,Community Health Center-FQHC,Private Non-Profit, ,,Provider Specialist or Human Resources,202-715-7900,AAlleyne@UnityHealthCare.org,Yes,All,Yes,Yes,Yes,Yes,Yes,Yes,Yes, ,Yes,Yes,Yes,Yes,Blue Cross- All plans, ,Community Health Center - FQHC, , , , , , , , , , ,Yes, , , , , , , , ,Yes, , ,Yes, ,Yes, , ,Yes, , ,Health Ed/Nutrition, , , , , ,Yes,"Yes, by phone",Yes,Yes,Yes,Limited in the AM,8:00 AM - 4:45 PM,8:00 AM - 4:45 PM,8:00 AM - 4:45 PM,8:00 AM - 4:45 PM,8:00 AM - 4:45 PM, , ,Yes,Yes,Yes,Yes,Yes,Yes,Yes, ,All languages through the language line, ,PC_48,No,"Obstetrics, Primary Care, Reproductive Health, STI Test/Treatment",SE,8E,,
-76.9753241438703,38.8435649013859,35,Children's Health Center - THE ARC,1901 MISSISSIPPI AVENUE SE,WASHINGTON,DC,20032,8,202-436-3060, , , , , ,http://www.childrenshealthfund.org,007409, , ,Yes, ,295845,402142.37,130640.01,1970/01/01 00:00:00+00,,,PC_08,20032,37,295845,No,Children and Adolescents,Yes,Yes,Yes, ,"Yes, please call","Yes, please call",Yes, ,Private Non-Profit, ,, , , ,No,Children and Adolescents,Yes, ,Yes,Yes,Yes,Yes,Yes,Yes,Yes,Yes,Yes, , , , ,Hospital-Affiliated Clinic, , , , , , , , , , , , , , , , ,Yes, ,Yes, , , , , , , ,Yes,Yes, ,"Health Ed/Nutrition, Mental Health, WIC",Yes, , ,Yes, ,Yes,"Yes, by phone", ,www.childrensnational.org/RequestAppointment/,Yes,during clinic hours,8:30 AM - 5:00 PM,8:30 AM - 5:00 PM,8:30 AM - 5:00 PM,8:30 AM - 5:00 PM,8:30 AM - 5:00 PM, , ,Yes,Yes,Yes,Yes,Yes,Yes,Yes,Yes, , ,PC_08,No,"Pediatrics, Primary Care",SE,8B,,
-77.0086950412736,38.8312810925941,36,Community of Hope - Conway Health and Resource Center,4 ATLANTIC STREET SW,WASHINGTON,DC,20032,8,202-540-9857,,,,,,"http://www.communityofhopedc.org
",009807,,,,,309361,399245.23,129276.17,1970/01/01 00:00:00+00,,,PC_54,20032,39,309361,Yes ,No,Yes,Yes,Yes ,Yes ,Yes,"Yes, except Kaiser",Yes ,Community Health Center-FQHC,Non-Profit ,,,,,,Yes,All ,Yes ,Yes,Yes,Yes,Yes,Yes,Yes,,Yes,No,Yes,Yes,"Medicaid, Alliance, Trusted Health Plan, MedStar, Amerihealth Plan, AETNA, Cigna, Carefirst BlueCross BlueShield",Kaiser ,,,No,No,No,No,No,Yes,Yes,No,No,Yes,No,Yes,No,N/A ,No,No,Yes,Yes,Yes,Yes,No,Yes,No,Yes,No,Yes,Yes,Yes,No,"Infectious Disease, Primary Care, Pediatrics, Reproductive Health, Psychiatry, Podiatry, Obstetrics, Opthalmology, STI Test/Treatment, Dental, Social Services, Health Ed./Nutrition, HIV/AIDS Care ",,,,,,,,,,Yes,,8:30am-4:15pm ,8:30am-4:15pm ,8:30am-4:15pm ,8:30am-7:00pm ,8:30am-4:15pm ,No,No,Yes,Yes,,,Yes,No,No,No,No,,PC_54,Yes ,"Primary Care, Pediatrics, Reproductive Health, Psychiatry, Podiatry, Obstetrics, STI Test/Treatment, Dental, Social Services, Health Ed./Nutrition, Infectious Disease, HIV/AIDS Care ",SW,8D,No,
-77.0330750854568,38.9480829517473,37,Andromeda Transcultural Health,1400 DECATUR STREET NW,WASHINGTON,DC,20011,4,202-291-4707,,,,,,http://www.andromedahealth.org/,002501,,,No,,302000,397126.56,142243.35,1970/01/01 00:00:00+00,,,PC_01,20011,9,255628,Yes, ,No,Yes,Yes,Yes,"Yes, please call","Yes, please call",Yes, ,Community Health Center,Group Practice,,Deanna Revelo,202-291-4707 ext. 108,drevelo@andromedatransculturalhealth.org,Yes,All, , ,Yes, ,Yes, ,Yes,Children with mental health needs, ,Yes,No, , , , , , , , , , ,Yes, , , , , , , , , , , , ,Yes,Yes, , , , , , , ,Yes,Yes,"Mental Health, Pharmacy", , , , , ,No,"Yes, by phone", , ,No, ,9:00 AM - 5:00 PM,9:00 AM - 5:00 PM,9:00 AM - 5:00 PM,9:00 AM - 5:00 PM,9:00 AM - 5:00 PM,10:00 AM - 4:00 PM Children  Mental Services Only,No,Yes,Yes, , , , ,Yes, , , ,PC_01,No,"HIV/AIDS Care, Primary Care, Psychiatry",NW,4C,,
-76.9340072576808,38.9117382001144,42,Elaine Ellis Center of Health,1627 KENILWORTH AVENUE NE,WASHINGTON,DC,20019,7,202-803-2340,,,,,,https://eechealth.com/,009601,,,Please Call,,150101,405727.76,138206.26,1970/01/01 00:00:00+00,,,PC_53,20019,47,60307,Yes,Please Call,Yes,Yes,Yes,,Please call,Please call,,,,,,,,,Yes,Please Call,,,,,,,,,,,,,,,,,,,,,,,,,,,,,,,,,,,Yes,,,,,,,,,,,None,,,,,,,,,,,,Please Call,Please Call,,Please Call,,,Please Call,,,,,,,,,,,PC_53,Please call,Primary Care,NE,7D,,
-77.0075191462829,38.9526564136777,43,Mary's Center - Fort Totten,100 GALLATIN STREET NE,WASHINGTON,DC,20011,5,202-483-8196,,,,,,https://www.maryscenter.org/contact-and-locations/fort-totten-dc/,009508,,,,,294470,399351.72,142773.48,1970/01/01 00:00:00+00,,,PC_16,20011,8,224825,Yes, ,Yes,Yes,Yes,Yes,"Yes, please call","Yes, please call",Yes,Community Health Center-FQHC,Private Non-Profit, ,,Andreina Pradas,202-420-7112,apradas@maryscenter.org,Yes,All,Yes,Yes,Yes,Yes,Yes,Yes,Yes,Yes-Immigrant,Yes,Yes,Yes,Yes,See Worksheet, ,Community Health Center-FQHC, , , , , , , , , , ,Yes, , , , , , ,Yes, ,Yes,Yes, ,Yes, ,Yes, ,Yes,Yes,Yes, ,"Dental, Health Ed/Nutrition, Mental Health, WIC, Adult & Child Literacy",Yes,Yes, ,Yes, ,Yes,"Yes, by phone", , ,Other - Modified open access, ,8:00 AM - 5:00 PM,8:00 AM - 5:00 PM,8:00 AM - 5:00 PM,8:00 AM - 5:00 PM,8:00 AM - 5:00 PM,8:00 AM - 5:00 PM, ,Yes,Yes, , ,Yes, ,Yes,Yes,"Armenian, Bamilek, Bosnia, Croatian, Danish, English Creole, Fulani (W. Africa), German, Haitian Creole, Hindi, Ibibio, Krio, Nepali, Portuguese, Shangana, Swahili & Twi",Yes - added,PC_16,No,"Obstetrics, Pediatrics, Primary Care, Psychaitry, Reproductive Health, STI Test/Treatment",NW,4C,,
-76.9383851811993,38.8912322305845,44,Unity - East of the River Health Center,4414 BENNING ROAD NE,WASHINGTON,DC,20019,7,202-469-4699,,,,,,https://www.unityhealthcare.org/find-a-health-care-center,007803,,,Yes,,288206,405336.17,135949.71,1970/01/01 00:00:00+00,,,PC_37,20019,5,301415,Yes, ,Yes,Yes,Yes,Yes,"Yes, please call","Yes, please call",Yes,Community Health Center-FQHC,Private Non-Profit, ,,Provider Specialist or Human Resources,202-715-7900,Aalleyne@Unityhealthcare.org,Yes,All,Yes,Yes,Yes,Yes,Yes, ,Yes,Yes - ALL,Yes,Yes,Yes,Yes,All except HMOs,HMOs,"Community Health Center, FQHC", , , , , , , ,Yes, , , , , , , , , ,Yes,Yes,Yes,Yes, , , , , ,Yes,Yes,Yes, ,"Dental, Health Ed/Nutrition, Mental Health, WIC",Yes,Yes, , , ,Yes,"Yes, by phone", , ,Yes,varies,8:00 AM - 4:30 P.M.,8:00 AM - 4:30 P.M.,8:00 AM -6:30 PM,8:00 AM - 4:30 P.M.,8:30 AM - 4:30 P.M., , ,Yes,Yes, , , , , , , , ,PC_37,Yes,"Infectious Disease, Pediatrics, Podiatry, Primary Care, Psychiatry",NE,7D,,
-76.9983975031683,38.8773002093738,45,Unity - Southwest Health Center,555 L STREET SE,WASHINGTON,DC,20003,6,202-469-4699,,,,,,https://www.unityhealthcare.org/find-a-health-care-center,007200,,,Monday - Friday,,289646,400140.59,134388.83,1970/01/01 00:00:00+00,,,PC_47,20003,36,276851,Yes, ,Yes,Yes,Yes,Yes,"Yes, please call","Yes, please call",Yes,Community Health Center-FQHC,Private Non-Profit, ,,Provider Specialist or Human Resources,202-715-7900,Aalleyne@Unityhealthcare.org,Yes,All,Yes,Yes,Yes,Yes,Yes,Yes,Yes, ,Yes,Yes,Yes,Yes, , ,Community Health Center-FQHC, , , , , , , ,Yes, , ,Yes, , , , , , ,Yes,Yes,Yes,Yes, ,Yes, ,Yes, ,Yes,Yes, , ,"Dental, Health Ed/Nutrition, WIC",Yes,Yes, ,Yes, ,Yes,"Yes, by phone", ,Yes,Yes, ,8:00 AM - 4:45 PM,8:00 AM - 4:45 PM,8:00 AM - 4:45 PM,8:00 AM - 4:45 PM,8:00 AM - 4:45 PM, , ,Yes,Yes,Yes,Yes,Yes,Yes,Yes,Yes,Yes-all through Language Lane, ,PC_47,No,"Infectious Disease, Obstetrics, Pedicatrics, Podiatry, Primary Care, Psychiatry, Reproductive Health, STI Test/Treatment",SW,6D,,
-76.9902855144929,38.8654479980116,38,Children's Health Center - Anacostia,2101 MARTIN LUTHER KING JR AVENUE SE,WASHINGTON,DC,20020,8,202-476-6900,,,,,,https://childrensnational.org/primary-care/anacostia,007503,,,,,278064,400843.47,133070.34,2020/03/13 00:00:00+00,geoffrey.hatchard,ADD,,20020,,,,,,,,,,,,,,,,,,,,,,,,,,,,,,,,,,,,,,,,,,,,,,,,,,,,,,,,,,,,,,,,,,,,,,,,,,,,,,,,,,,,,,,,,,,,,,,,,,,,,
-76.9501569167021,38.8659226247386,39,Children's Health Center - Fort Davis,3839 ½ ALABAMA AVENUE SE,WASHINGTON,DC,20020,7,202-582-6800,,,,,,https://childrensnational.org/primary-care/fort-davis,009902,,,,,304152,404325.15,133127.78,2020/03/13 00:00:00+00,geoffrey.hatchard,ADD,,20020,,,,,,,,,,,,,,,,,,,,,,,,,,,,,,,,,,,,,,,,,,,,,,,,,,,,,,,,,,,,,,,,,,,,,,,,,,,,,,,,,,,,,,,,,,,,,,,,,,,,,
-77.04580541936,38.902873253374,40,Children's Health Center - Foggy Bottom,2101 K STREET NW,WASHINGTON,DC,20006,2,202-833-4543,,,,,,https://childrensnational.org/primary-care/foggy-bottom,010700,,,,,242500,396029.37,137227.38,2020/03/13 00:00:00+00,geoffrey.hatchard,ADD,,20006,,,,,,,,,,,,,,,,,,,,,,,,,,,,,,,,,,,,,,,,,,,,,,,,,,,,,,,,,,,,,,,,,,,,,,,,,,,,,,,,,,,,,,,,,,,,,,,,,,,,,
-76.9969807052282,38.8853711492257,41,Children's Health Center - Capitol Hill,650 PENNSYLVANIA AVENUE SE,WASHINGTON,DC,20003,6,202-833-4543,,,,,,https://childrensnational.org/primary-care/capitol-hill,006600,,,,,280033,400262.13,135282.05,2020/03/13 00:00:00+00,geoffrey.hatchard,ADD,,20003,,,,,,,,,,,,,,,,,,,,,,,,,,,,,,,,,,,,,,,,,,,,,,,,,,,,,,,,,,,,,,,,,,,,,,,,,,,,,,,,,,,,,,,,,,,,,,,,,,,,,
-77.0110802949738,38.8986887133048,46,Unity - Central Union Mission - Gales School,65 MASSACHUSETTS AVENUE NW,WASHINGTON,DC,20001,6,202-508-0500,,,,,,https://www.unityhealthcare.org/find-a-health-care-center,004702,,,,,237153,399043.27,136760.04,2020/03/13 00:00:00+00,geoffrey.hatchard,ADD,,20001,,,,,,,,,,,,,,,,,,,,,,,,,,,,,,,,,,,,,,,,,,,,,,,,,,,,,,,,,,,,,,,,,,,,,,,,,,,,,,,,,,,,,,,,,,,,,,,,,,,,,
-76.9938684389083,38.9247238687555,47,Unity - Pathways to Housing Health Center,828 EVARTS STREET NE,WASHINGTON,DC,20018,5,202-529-2972,,,,,,https://www.unityhealthcare.org/find-a-health-care-center,009302,,,,,290119,400530.24,139656.32,2020/03/13 00:00:00+00,geoffrey.hatchard,ADD,,20018,,,,,,,,,,,,,,,,,,,,,,,,,,,,,,,,,,,,,,,,,,,,,,,,,,,,,,,,,,,,,,,,,,,,,,,,,,,,,,,,,,,,,,,,,,,,,,,,,,,,,
-77.0311565697195,38.8999099236124,48,Unity - Downtown BID,1313 NEW YORK AVENUE NW,WASHINGTON,DC,20005,2,202-508-0500,,,,,,https://www.unityhealthcare.org/find-a-health-care-center,010100,,,,,279043,397292.44,136903.07,2020/03/13 00:00:00+00,geoffrey.hatchard,ADD,,20005,,,,,,,,,,,,,,,,,,,,,,,,,,,,,,,,,,,,,,,,,,,,,,,,,,,,,,,,,,,,,,,,,,,,,,,,,,,,,,,,,,,,,,,,,,,,,,,,,,,,,
-77.0191503356687,38.9003304337599,49,Unity - Patricia Handy Place,810 5TH STREET NW,WASHINGTON,DC,20001,2,202-508-0500,,,,,,https://www.unityhealthcare.org/find-a-health-care-center,005800,,,,,218764,398337.21,136945.51,2020/03/13 00:00:00+00,geoffrey.hatchard,ADD,,20001,,,,,,,,,,,,,,,,,,,,,,,,,,,,,,,,,,,,,,,,,,,,,,,,,,,,,,,,,,,,,,,,,,,,,,,,,,,,,,,,,,,,,,,,,,,,,,,,,,,,,
